{"cameraMode":{"drawMode":0,"name":"Shaded","section":"Shading Mode"},"sceneLighting":false,"audioPlay":false,"sceneViewState":{"showFog":true,"showMaterialUpdate":false,"showSkybox":true,"showFlares":true,"showImageEffects":true,"showParticleSystems":true},"in2DMode":false,"pivot":{"x":-0.0038666343316435816,"y":-0.03958918899297714,"z":0.002913107629865408},"rotation":{"x":-0.28806912899017336,"y":0.6532124280929565,"z":-0.29666468501091006,"w":-0.6342868804931641},"size":0.8573651909828186,"orthographic":false}