{"cameraMode":{"drawMode":0,"name":"Shaded","section":"Shading Mode"},"sceneLighting":false,"audioPlay":false,"sceneViewState":{"showFog":true,"showMaterialUpdate":false,"showSkybox":true,"showFlares":true,"showImageEffects":true,"showParticleSystems":true},"in2DMode":false,"pivot":{"x":0.12678413093090058,"y":-0.4089113473892212,"z":-0.11157279461622238},"rotation":{"x":-0.28668078780174258,"y":0.6815126538276672,"z":-0.3342749774456024,"w":-0.5844783782958984},"size":1.4791719913482667,"orthographic":false}