{"cameraMode":{"drawMode":0,"name":"Shaded","section":"Shading Mode"},"sceneLighting":true,"audioPlay":false,"sceneViewState":{"showFog":true,"showMaterialUpdate":false,"showSkybox":true,"showFlares":true,"showImageEffects":true,"showParticleSystems":true},"in2DMode":false,"pivot":{"x":2.869206190109253,"y":0.8194236159324646,"z":0.8071973323822022},"rotation":{"x":-0.0939161479473114,"y":0.6881282329559326,"z":-0.09051913022994995,"w":-0.7137830257415772},"size":0.6452344655990601,"orthographic":false}